cidade,bairro,weekday,count
Abaiara,,Domingo,1
Abaiara,,Quinta-feira,1
Abaiara,,Segunda-feira,1
Abaiara,,Sexta-feira,1
Abaiara,,Sábado,1
Acarape,,Terça-feira,6
Acarape,,Quarta-feira,2
Acarape,,Quinta-feira,2
Acarape,,Segunda-feira,2
Acarape,,Sexta-feira,2
Acarape,,Sábado,2
Acarape,,Domingo,1
Acaraú,,Segunda-feira,9
Acaraú,,Terça-feira,9
Acaraú,,Quinta-feira,6
Acaraú,,Sexta-feira,6
Acaraú,,Sábado,6
Acaraú,,Domingo,5
Acaraú,,Quarta-feira,5
Acopiara,,Sábado,16
Acopiara,,Domingo,6
Acopiara,,Quinta-feira,6
Acopiara,,Sexta-feira,5
Acopiara,,Terça-feira,5
Acopiara,,Quarta-feira,2
Acopiara,,Segunda-feira,2
Aiuaba,,Domingo,2
Aiuaba,,Segunda-feira,2
Aiuaba,,Sábado,2
Alcântaras,,Domingo,2
Alcântaras,,Segunda-feira,1
Altaneira,,Sexta-feira,3
Altaneira,,Domingo,2
Altaneira,,Quarta-feira,1
Altaneira,,Quinta-feira,1
Altaneira,,Segunda-feira,1
Alto Santo,,Terça-feira,10
Alto Santo,,Domingo,7
Alto Santo,,Segunda-feira,7
Alto Santo,,Sábado,7
Alto Santo,,Sexta-feira,4
Alto Santo,,Quarta-feira,3
Alto Santo,,Quinta-feira,2
Amontada,,Domingo,24
Amontada,,Quinta-feira,22
Amontada,,Sexta-feira,21
Amontada,,Quarta-feira,19
Amontada,,Sábado,19
Amontada,,Segunda-feira,15
Amontada,,Terça-feira,10
Antonina do Norte,,Sexta-feira,2
Antonina do Norte,,Segunda-feira,1
Antonina do Norte,,Sábado,1
Apuiarés,,Quinta-feira,6
Apuiarés,,Domingo,4
Apuiarés,,Quarta-feira,4
Apuiarés,,Sábado,4
Apuiarés,,Terça-feira,2
Aquiraz,,Domingo,26
Aquiraz,,Terça-feira,26
Aquiraz,,Sexta-feira,25
Aquiraz,,Sábado,23
Aquiraz,,Quarta-feira,22
Aquiraz,,Segunda-feira,19
Aquiraz,,Quinta-feira,17
Aracati,,Sexta-feira,16
Aracati,,Domingo,15
Aracati,,Quarta-feira,13
Aracati,,Segunda-feira,13
Aracati,,Sábado,12
Aracati,,Terça-feira,11
Aracati,,Quinta-feira,10
Aracoiaba,,Sábado,12
Aracoiaba,,Domingo,6
Aracoiaba,,Quarta-feira,6
Aracoiaba,,Quinta-feira,4
Aracoiaba,,Sexta-feira,4
Aracoiaba,,Terça-feira,4
Aracoiaba,,Segunda-feira,3
Ararendá,,Segunda-feira,2
Ararendá,,Terça-feira,2
Ararendá,,Domingo,1
Araripe,,Domingo,2
Araripe,,Segunda-feira,2
Araripe,,Quarta-feira,1
Araripe,,Sexta-feira,1
Araripe,,Sábado,1
Araripe,,Terça-feira,1
Aratuba,,Domingo,9
Aratuba,,Quinta-feira,6
Aratuba,,Segunda-feira,6
Aratuba,,Quarta-feira,5
Aratuba,,Sábado,5
Aratuba,,Sexta-feira,2
Aratuba,,Terça-feira,2
Arneiroz,,Domingo,1
Arneiroz,,Segunda-feira,1
Assaré,,Segunda-feira,10
Assaré,,Sábado,5
Assaré,,Sexta-feira,3
Assaré,,Domingo,2
Assaré,,Quarta-feira,2
Assaré,,Terça-feira,2
Aurora,,Segunda-feira,4
Aurora,,Domingo,2
Aurora,,Sábado,1
Aurora,,Terça-feira,1
Banabuiú,,Domingo,8
Banabuiú,,Terça-feira,4
Banabuiú,,Quarta-feira,3
Banabuiú,,Quinta-feira,3
Banabuiú,,Segunda-feira,3
Banabuiú,,Sábado,2
Banabuiú,,Sexta-feira,1
Barbalha,,Sábado,12
Barbalha,,Domingo,11
Barbalha,,Segunda-feira,10
Barbalha,,Quinta-feira,8
Barbalha,,Terça-feira,7
Barbalha,,Sexta-feira,6
Barbalha,,Quarta-feira,5
Barreira,,Domingo,4
Barreira,,Sexta-feira,4
Barreira,,Segunda-feira,3
Barreira,,Terça-feira,3
Barreira,,Quarta-feira,2
Barreira,,Quinta-feira,2
Barreira,,Sábado,2
Barro,,Quinta-feira,3
Barro,,Terça-feira,2
Barro,,Domingo,1
Barro,,Quarta-feira,1
Barro,,Segunda-feira,1
Barro,,Sábado,1
Barroquinha,,Quarta-feira,5
Barroquinha,,Quinta-feira,3
Barroquinha,,Sexta-feira,3
Barroquinha,,Segunda-feira,2
Barroquinha,,Terça-feira,2
Barroquinha,,Domingo,1
Barroquinha,,Sábado,1
Baturité,,Sexta-feira,11
Baturité,,Segunda-feira,8
Baturité,,Domingo,7
Baturité,,Quarta-feira,7
Baturité,,Quinta-feira,7
Baturité,,Sábado,6
Baturité,,Terça-feira,6
Beberibe,,Sábado,15
Beberibe,,Domingo,12
Beberibe,,Quinta-feira,10
Beberibe,,Quarta-feira,9
Beberibe,,Segunda-feira,8
Beberibe,,Sexta-feira,8
Beberibe,,Terça-feira,8
Bela Cruz,,Sábado,6
Bela Cruz,,Quinta-feira,4
Bela Cruz,,Domingo,3
Bela Cruz,,Terça-feira,3
Bela Cruz,,Quarta-feira,2
Bela Cruz,,Segunda-feira,2
Boa Viagem,,Sexta-feira,25
Boa Viagem,,Sábado,25
Boa Viagem,,Domingo,19
Boa Viagem,,Quinta-feira,12
Boa Viagem,,Quarta-feira,11
Boa Viagem,,Segunda-feira,10
Boa Viagem,,Terça-feira,7
Brejo Santo,,Segunda-feira,7
Brejo Santo,,Sábado,5
Brejo Santo,,Quarta-feira,4
Brejo Santo,,Sexta-feira,4
Brejo Santo,,Domingo,3
Brejo Santo,,Quinta-feira,3
Brejo Santo,,Terça-feira,1
Camocim,,Domingo,18
Camocim,,Quarta-feira,16
Camocim,,Terça-feira,13
Camocim,,Sábado,10
Camocim,,Sexta-feira,9
Camocim,,Segunda-feira,8
Camocim,,Quinta-feira,6
Campos Sales,,Quinta-feira,5
Campos Sales,,Sexta-feira,5
Campos Sales,,Domingo,4
Campos Sales,,Sábado,4
Campos Sales,,Quarta-feira,3
Campos Sales,,Segunda-feira,2
Campos Sales,,Terça-feira,2
Canindé,,Sábado,20
Canindé,,Domingo,19
Canindé,,Segunda-feira,14
Canindé,,Quarta-feira,13
Canindé,,Sexta-feira,13
Canindé,,Quinta-feira,12
Canindé,,Terça-feira,8
Capistrano,,Terça-feira,8
Capistrano,,Domingo,5
Capistrano,,Quarta-feira,5
Capistrano,,Sábado,4
Capistrano,,Sexta-feira,3
Capistrano,,Segunda-feira,2
Capistrano,,Quinta-feira,1
Caridade,,Sábado,7
Caridade,,Domingo,5
Caridade,,Sexta-feira,4
Caridade,,Terça-feira,3
Caridade,,Quarta-feira,2
Caridade,,Segunda-feira,2
Caridade,,Quinta-feira,1
Caririaçu,,Sexta-feira,5
Caririaçu,,Domingo,2
Caririaçu,,Quinta-feira,2
Caririaçu,,Sábado,2
Caririaçu,,Quarta-feira,1
Caririaçu,,Segunda-feira,1
Caririaçu,,Terça-feira,1
Cariré,,Quinta-feira,9
Cariré,,Sábado,9
Cariré,,Domingo,7
Cariré,,Sexta-feira,7
Cariré,,Quarta-feira,6
Cariré,,Segunda-feira,6
Cariré,,Terça-feira,4
Cariús,,Domingo,5
Cariús,,Sábado,3
Cariús,,Terça-feira,2
Cariús,,Quarta-feira,1
Cariús,,Segunda-feira,1
Carnaubal,,Sábado,6
Carnaubal,,Quinta-feira,3
Carnaubal,,Segunda-feira,2
Carnaubal,,Sexta-feira,1
Carnaubal,,Terça-feira,1
Cascavel,,Sábado,36
Cascavel,,Domingo,29
Cascavel,,Segunda-feira,28
Cascavel,,Quinta-feira,23
Cascavel,,Terça-feira,22
Cascavel,,Quarta-feira,21
Cascavel,,Sexta-feira,21
Catarina,,Quinta-feira,3
Catarina,,Domingo,2
Catarina,,Sábado,2
Catarina,,Quarta-feira,1
Catunda,,Domingo,2
Catunda,,Quarta-feira,1
Catunda,,Quinta-feira,1
Catunda,,Segunda-feira,1
Catunda,,Terça-feira,1
Caucaia,,Quinta-feira,148
Caucaia,,Sábado,147
Caucaia,,Domingo,136
Caucaia,,Sexta-feira,131
Caucaia,,Terça-feira,122
Caucaia,,Quarta-feira,119
Caucaia,,Segunda-feira,115
Cedro,,Quinta-feira,6
Cedro,,Terça-feira,6
Cedro,,Quarta-feira,5
Cedro,,Sexta-feira,5
Cedro,,Sábado,5
Cedro,,Domingo,4
Cedro,,Segunda-feira,4
Chaval,,Quarta-feira,5
Chaval,,Sexta-feira,5
Chaval,,Sábado,4
Chaval,,Quinta-feira,3
Chaval,,Terça-feira,2
Chaval,,Domingo,1
Chaval,,Segunda-feira,1
Chorozinho,,Terça-feira,9
Chorozinho,,Quarta-feira,7
Chorozinho,,Sábado,6
Chorozinho,,Quinta-feira,4
Chorozinho,,Segunda-feira,3
Chorozinho,,Sexta-feira,3
Chorozinho,,Domingo,1
Choró,,Terça-feira,8
Choró,,Sábado,7
Choró,,Domingo,4
Choró,,Quinta-feira,2
Choró,,Segunda-feira,2
Choró,,Sexta-feira,2
Choró,,Quarta-feira,1
Coreaú,,Quarta-feira,7
Coreaú,,Quinta-feira,5
Coreaú,,Sexta-feira,4
Coreaú,,Domingo,3
Coreaú,,Sábado,3
Coreaú,,Terça-feira,2
Coreaú,,Segunda-feira,1
Crateús,,Domingo,19
Crateús,,Sábado,14
Crateús,,Terça-feira,10
Crateús,,Quarta-feira,9
Crateús,,Sexta-feira,7
Crateús,,Quinta-feira,6
Crateús,,Segunda-feira,6
Crato,,Sábado,43
Crato,,Domingo,32
Crato,,Terça-feira,20
Crato,,Quarta-feira,19
Crato,,Segunda-feira,19
Crato,,Quinta-feira,16
Crato,,Sexta-feira,15
Croatá,,Quarta-feira,2
Croatá,,Sexta-feira,2
Croatá,,Terça-feira,2
Croatá,,Domingo,1
Croatá,,Quinta-feira,1
Croatá,,Segunda-feira,1
Cruz,,Domingo,8
Cruz,,Quinta-feira,5
Cruz,,Segunda-feira,5
Cruz,,Sábado,5
Cruz,,Terça-feira,5
Cruz,,Quarta-feira,2
Cruz,,Sexta-feira,1
Deputado Irapuan Pinheiro,,Terça-feira,3
Deputado Irapuan Pinheiro,,Domingo,1
Deputado Irapuan Pinheiro,,Sábado,1
Ereré,,Quarta-feira,1
Eusébio,,Sexta-feira,14
Eusébio,,Quarta-feira,13
Eusébio,,Domingo,10
Eusébio,,Quinta-feira,10
Eusébio,,Sábado,10
Eusébio,,Terça-feira,10
Eusébio,,Segunda-feira,5
Farias Brito,,Domingo,5
Farias Brito,,Sábado,4
Farias Brito,,Sexta-feira,2
Farias Brito,,Segunda-feira,1
Farias Brito,,Terça-feira,1
Forquilha,,Quinta-feira,21
Forquilha,,Sexta-feira,15
Forquilha,,Terça-feira,14
Forquilha,,Segunda-feira,12
Forquilha,,Domingo,11
Forquilha,,Quarta-feira,10
Forquilha,,Sábado,9
Fortaleza,,Sábado,2
Fortaleza,,Quarta-feira,1
Fortaleza,AEROLÂNDIA,Domingo,6
Fortaleza,AEROLÂNDIA,Quarta-feira,5
Fortaleza,AEROLÂNDIA,Segunda-feira,4
Fortaleza,AEROLÂNDIA,Sexta-feira,3
Fortaleza,AEROLÂNDIA,Terça-feira,3
Fortaleza,AEROPORTO,Sexta-feira,4
Fortaleza,AEROPORTO,Quinta-feira,3
Fortaleza,AEROPORTO,Domingo,2
Fortaleza,AEROPORTO,Quarta-feira,2
Fortaleza,AEROPORTO,Terça-feira,2
Fortaleza,AEROPORTO,Segunda-feira,1
Fortaleza,ALDEOTA,Quarta-feira,3
Fortaleza,ALDEOTA,Segunda-feira,3
Fortaleza,ALDEOTA,Quinta-feira,2
Fortaleza,ALDEOTA,Sábado,2
Fortaleza,ALDEOTA,Terça-feira,2
Fortaleza,ALTO DA BALANÇA,Domingo,5
Fortaleza,ALTO DA BALANÇA,Quarta-feira,4
Fortaleza,ALTO DA BALANÇA,Sexta-feira,3
Fortaleza,ALTO DA BALANÇA,Sábado,1
Fortaleza,ALTO DA BALANÇA,Terça-feira,1
Fortaleza,AMADEU FURTADO,Domingo,3
Fortaleza,AMADEU FURTADO,Quarta-feira,1
Fortaleza,AMADEU FURTADO,Quinta-feira,1
Fortaleza,AMADEU FURTADO,Segunda-feira,1
Fortaleza,AMADEU FURTADO,Sexta-feira,1
Fortaleza,AMADEU FURTADO,Sábado,1
Fortaleza,ANCURI,Quarta-feira,3
Fortaleza,ANCURI,Domingo,2
Fortaleza,ANCURI,Quinta-feira,2
Fortaleza,ANCURI,Segunda-feira,2
Fortaleza,ANCURI,Sexta-feira,2
Fortaleza,ANCURI,Sábado,1
Fortaleza,ANCURI,Terça-feira,1
Fortaleza,ANTÔNIO BEZERRA,Domingo,7
Fortaleza,ANTÔNIO BEZERRA,Quinta-feira,7
Fortaleza,ANTÔNIO BEZERRA,Sábado,7
Fortaleza,ANTÔNIO BEZERRA,Terça-feira,7
Fortaleza,ANTÔNIO BEZERRA,Quarta-feira,6
Fortaleza,ANTÔNIO BEZERRA,Sexta-feira,5
Fortaleza,ANTÔNIO BEZERRA,Segunda-feira,3
Fortaleza,ARACAPÉ,Domingo,4
Fortaleza,ARACAPÉ,Sexta-feira,4
Fortaleza,ARACAPÉ,Sábado,4
Fortaleza,ARACAPÉ,Quinta-feira,3
Fortaleza,ARACAPÉ,Segunda-feira,3
Fortaleza,ARACAPÉ,Quarta-feira,2
Fortaleza,ARACAPÉ,Terça-feira,2
Fortaleza,AUTRAN NUNES,Sábado,3
Fortaleza,AUTRAN NUNES,Quarta-feira,2
Fortaleza,AUTRAN NUNES,Segunda-feira,2
Fortaleza,AUTRAN NUNES,Terça-feira,2
Fortaleza,AUTRAN NUNES,Domingo,1
Fortaleza,AUTRAN NUNES,Sexta-feira,1
Fortaleza,BARRA DO CEARÁ,Domingo,26
Fortaleza,BARRA DO CEARÁ,Sábado,26
Fortaleza,BARRA DO CEARÁ,Terça-feira,21
Fortaleza,BARRA DO CEARÁ,Quarta-feira,20
Fortaleza,BARRA DO CEARÁ,Sexta-feira,19
Fortaleza,BARRA DO CEARÁ,Quinta-feira,18
Fortaleza,BARRA DO CEARÁ,Segunda-feira,10
Fortaleza,BARROSO,Domingo,14
Fortaleza,BARROSO,Terça-feira,12
Fortaleza,BARROSO,Sexta-feira,11
Fortaleza,BARROSO,Sábado,11
Fortaleza,BARROSO,Quinta-feira,10
Fortaleza,BARROSO,Quarta-feira,6
Fortaleza,BARROSO,Segunda-feira,5
Fortaleza,BELA VISTA,Quinta-feira,3
Fortaleza,BELA VISTA,Segunda-feira,1
Fortaleza,BELA VISTA,Sexta-feira,1
Fortaleza,BELA VISTA,Sábado,1
Fortaleza,BELA VISTA,Terça-feira,1
Fortaleza,BENFICA,Domingo,2
Fortaleza,BENFICA,Quarta-feira,2
Fortaleza,BENFICA,Sexta-feira,2
Fortaleza,BENFICA,Quinta-feira,1
Fortaleza,BOA VISTA/CASTELÃO,Quarta-feira,9
Fortaleza,BOA VISTA/CASTELÃO,Terça-feira,5
Fortaleza,BOA VISTA/CASTELÃO,Sexta-feira,4
Fortaleza,BOA VISTA/CASTELÃO,Sábado,4
Fortaleza,BOA VISTA/CASTELÃO,Domingo,3
Fortaleza,BOA VISTA/CASTELÃO,Quinta-feira,3
Fortaleza,BOA VISTA/CASTELÃO,Segunda-feira,3
Fortaleza,BOM FUTURO,Sábado,2
Fortaleza,BOM FUTURO,Quinta-feira,1
Fortaleza,BOM JARDIM,Terça-feira,12
Fortaleza,BOM JARDIM,Sexta-feira,11
Fortaleza,BOM JARDIM,Sábado,10
Fortaleza,BOM JARDIM,Domingo,8
Fortaleza,BOM JARDIM,Quarta-feira,5
Fortaleza,BOM JARDIM,Segunda-feira,5
Fortaleza,BOM JARDIM,Quinta-feira,3
Fortaleza,BONSUCESSO,Segunda-feira,9
Fortaleza,BONSUCESSO,Terça-feira,9
Fortaleza,BONSUCESSO,Domingo,6
Fortaleza,BONSUCESSO,Quarta-feira,6
Fortaleza,BONSUCESSO,Sexta-feira,6
Fortaleza,BONSUCESSO,Quinta-feira,5
Fortaleza,BONSUCESSO,Sábado,5
Fortaleza,CAIS DO PORTO,Domingo,10
Fortaleza,CAIS DO PORTO,Segunda-feira,5
Fortaleza,CAIS DO PORTO,Sexta-feira,5
Fortaleza,CAIS DO PORTO,Quarta-feira,2
Fortaleza,CAIS DO PORTO,Sábado,1
Fortaleza,CAJAZEIRAS,Quinta-feira,11
Fortaleza,CAJAZEIRAS,Sábado,6
Fortaleza,CAJAZEIRAS,Quarta-feira,5
Fortaleza,CAJAZEIRAS,Segunda-feira,5
Fortaleza,CAJAZEIRAS,Domingo,4
Fortaleza,CAJAZEIRAS,Sexta-feira,4
Fortaleza,CAMBEBA,Domingo,2
Fortaleza,CAMBEBA,Segunda-feira,2
Fortaleza,CAMBEBA,Sábado,2
Fortaleza,CAMBEBA,Quarta-feira,1
Fortaleza,CAMBEBA,Quinta-feira,1
Fortaleza,CANINDEZINHO,Quarta-feira,10
Fortaleza,CANINDEZINHO,Segunda-feira,8
Fortaleza,CANINDEZINHO,Sexta-feira,8
Fortaleza,CANINDEZINHO,Domingo,6
Fortaleza,CANINDEZINHO,Quinta-feira,6
Fortaleza,CANINDEZINHO,Terça-feira,4
Fortaleza,CANINDEZINHO,Sábado,3
Fortaleza,CARARU,Quinta-feira,1
Fortaleza,CARLITO PAMPLONA,Terça-feira,13
Fortaleza,CARLITO PAMPLONA,Domingo,10
Fortaleza,CARLITO PAMPLONA,Quinta-feira,7
Fortaleza,CARLITO PAMPLONA,Segunda-feira,7
Fortaleza,CARLITO PAMPLONA,Sábado,5
Fortaleza,CARLITO PAMPLONA,Quarta-feira,4
Fortaleza,CARLITO PAMPLONA,Sexta-feira,4
Fortaleza,CENTRO,Sábado,10
Fortaleza,CENTRO,Quarta-feira,6
Fortaleza,CENTRO,Terça-feira,6
Fortaleza,CENTRO,Segunda-feira,5
Fortaleza,CENTRO,Sexta-feira,4
Fortaleza,CENTRO,Domingo,3
Fortaleza,CENTRO,Quinta-feira,3
Fortaleza,CIDADE 2000,Domingo,2
Fortaleza,CIDADE 2000,Quarta-feira,1
Fortaleza,CIDADE 2000,Quinta-feira,1
Fortaleza,CIDADE 2000,Segunda-feira,1
Fortaleza,CIDADE DOS FUNCIONÁRIOS,Quarta-feira,7
Fortaleza,CIDADE DOS FUNCIONÁRIOS,Sexta-feira,5
Fortaleza,CIDADE DOS FUNCIONÁRIOS,Quinta-feira,4
Fortaleza,CIDADE DOS FUNCIONÁRIOS,Segunda-feira,4
Fortaleza,CIDADE DOS FUNCIONÁRIOS,Domingo,3
Fortaleza,CIDADE DOS FUNCIONÁRIOS,Sábado,2
Fortaleza,COAÇU,Sábado,5
Fortaleza,COAÇU,Terça-feira,3
Fortaleza,COAÇU,Domingo,2
Fortaleza,COAÇU,Quinta-feira,2
Fortaleza,COAÇU,Sexta-feira,1
Fortaleza,COCÓ,Terça-feira,3
Fortaleza,COCÓ,Domingo,1
Fortaleza,COCÓ,Quarta-feira,1
Fortaleza,CONJUNTO CEARÁ I,Domingo,2
Fortaleza,CONJUNTO CEARÁ I,Quarta-feira,2
Fortaleza,CONJUNTO CEARÁ I,Sexta-feira,2
Fortaleza,CONJUNTO CEARÁ I,Terça-feira,2
Fortaleza,CONJUNTO CEARÁ I,Quinta-feira,1
Fortaleza,CONJUNTO CEARÁ I,Segunda-feira,1
Fortaleza,CONJUNTO CEARÁ I,Sábado,1
Fortaleza,CONJUNTO CEARÁ II,Quinta-feira,4
Fortaleza,CONJUNTO CEARÁ II,Quarta-feira,3
Fortaleza,CONJUNTO CEARÁ II,Sexta-feira,2
Fortaleza,CONJUNTO CEARÁ II,Terça-feira,2
Fortaleza,CONJUNTO CEARÁ II,Domingo,1
Fortaleza,CONJUNTO CEARÁ II,Segunda-feira,1
Fortaleza,CONJUNTO ESPERANÇA,Sábado,4
Fortaleza,CONJUNTO ESPERANÇA,Segunda-feira,3
Fortaleza,CONJUNTO ESPERANÇA,Sexta-feira,2
Fortaleza,CONJUNTO ESPERANÇA,Domingo,1
Fortaleza,CONJUNTO ESPERANÇA,Quarta-feira,1
Fortaleza,CONJUNTO ESPERANÇA,Quinta-feira,1
Fortaleza,CONJUNTO ESPERANÇA,Terça-feira,1
Fortaleza,CONJUNTO PALMEIRAS,Sexta-feira,11
Fortaleza,CONJUNTO PALMEIRAS,Domingo,9
Fortaleza,CONJUNTO PALMEIRAS,Quinta-feira,9
Fortaleza,CONJUNTO PALMEIRAS,Segunda-feira,8
Fortaleza,CONJUNTO PALMEIRAS,Quarta-feira,6
Fortaleza,CONJUNTO PALMEIRAS,Sábado,6
Fortaleza,CONJUNTO PALMEIRAS,Terça-feira,5
Fortaleza,COUTO FERNANDES,Quarta-feira,2
Fortaleza,COUTO FERNANDES,Sexta-feira,2
Fortaleza,COUTO FERNANDES,Sábado,2
Fortaleza,CRISTO REDENTOR,Domingo,10
Fortaleza,CRISTO REDENTOR,Quarta-feira,10
Fortaleza,CRISTO REDENTOR,Sábado,10
Fortaleza,CRISTO REDENTOR,Terça-feira,9
Fortaleza,CRISTO REDENTOR,Segunda-feira,8
Fortaleza,CRISTO REDENTOR,Sexta-feira,8
Fortaleza,CRISTO REDENTOR,Quinta-feira,5
Fortaleza,CURIÓ,Sábado,7
Fortaleza,CURIÓ,Quarta-feira,5
Fortaleza,CURIÓ,Sexta-feira,5
Fortaleza,CURIÓ,Domingo,4
Fortaleza,CURIÓ,Quinta-feira,2
Fortaleza,CURIÓ,Segunda-feira,1
Fortaleza,DAMAS,Quinta-feira,1
Fortaleza,DAMAS,Segunda-feira,1
Fortaleza,DAMAS,Terça-feira,1
Fortaleza,DEMÓCRITO ROCHA,Domingo,3
Fortaleza,DEMÓCRITO ROCHA,Segunda-feira,2
Fortaleza,DEMÓCRITO ROCHA,Sexta-feira,2
Fortaleza,DIAS MACÊDO,Terça-feira,3
Fortaleza,DIAS MACÊDO,Domingo,2
Fortaleza,DIAS MACÊDO,Quarta-feira,2
Fortaleza,DIAS MACÊDO,Quinta-feira,2
Fortaleza,DIAS MACÊDO,Segunda-feira,1
Fortaleza,DIAS MACÊDO,Sexta-feira,1
Fortaleza,DIAS MACÊDO,Sábado,1
Fortaleza,DIONÍSIO TORRES,Quinta-feira,1
Fortaleza,DOM LUSTOSA,Domingo,4
Fortaleza,DOM LUSTOSA,Sábado,3
Fortaleza,DOM LUSTOSA,Quinta-feira,2
Fortaleza,DOM LUSTOSA,Sexta-feira,2
Fortaleza,DOM LUSTOSA,Quarta-feira,1
Fortaleza,DOM LUSTOSA,Terça-feira,1
Fortaleza,EDSON QUEIROZ,Sábado,9
Fortaleza,EDSON QUEIROZ,Domingo,8
Fortaleza,EDSON QUEIROZ,Segunda-feira,8
Fortaleza,EDSON QUEIROZ,Quarta-feira,6
Fortaleza,EDSON QUEIROZ,Quinta-feira,5
Fortaleza,EDSON QUEIROZ,Sexta-feira,4
Fortaleza,EDSON QUEIROZ,Terça-feira,3
Fortaleza,ELLERY,Quarta-feira,1
Fortaleza,ELLERY,Segunda-feira,1
Fortaleza,ENGENHEIRO LUCIANO CAVALCANTE,Quarta-feira,2
Fortaleza,ENGENHEIRO LUCIANO CAVALCANTE,Segunda-feira,2
Fortaleza,ENGENHEIRO LUCIANO CAVALCANTE,Sexta-feira,2
Fortaleza,ENGENHEIRO LUCIANO CAVALCANTE,Domingo,1
Fortaleza,ENGENHEIRO LUCIANO CAVALCANTE,Quinta-feira,1
Fortaleza,ENGENHEIRO LUCIANO CAVALCANTE,Sábado,1
Fortaleza,ENGENHEIRO LUCIANO CAVALCANTE,Terça-feira,1
Fortaleza,FARIAS BRITO,Sábado,3
Fortaleza,FARIAS BRITO,Sexta-feira,2
Fortaleza,FARIAS BRITO,Terça-feira,2
Fortaleza,FARIAS BRITO,Quarta-feira,1
Fortaleza,FARIAS BRITO,Quinta-feira,1
Fortaleza,FARIAS BRITO,Segunda-feira,1
Fortaleza,FLORESTA,Quarta-feira,7
Fortaleza,FLORESTA,Sexta-feira,5
Fortaleza,FLORESTA,Sábado,5
Fortaleza,FLORESTA,Domingo,4
Fortaleza,FLORESTA,Quinta-feira,3
Fortaleza,FLORESTA,Segunda-feira,2
Fortaleza,FLORESTA,Terça-feira,1
Fortaleza,FÁTIMA,Domingo,4
Fortaleza,FÁTIMA,Quinta-feira,3
Fortaleza,FÁTIMA,Quarta-feira,2
Fortaleza,FÁTIMA,Segunda-feira,2
Fortaleza,FÁTIMA,Sábado,1
Fortaleza,GENIBAÚ,Sábado,7
Fortaleza,GENIBAÚ,Domingo,5
Fortaleza,GENIBAÚ,Segunda-feira,5
Fortaleza,GENIBAÚ,Terça-feira,5
Fortaleza,GENIBAÚ,Sexta-feira,3
Fortaleza,GENIBAÚ,Quarta-feira,2
Fortaleza,GENIBAÚ,Quinta-feira,2
Fortaleza,GRANJA LISBOA,Sábado,27
Fortaleza,GRANJA LISBOA,Domingo,22
Fortaleza,GRANJA LISBOA,Quinta-feira,14
Fortaleza,GRANJA LISBOA,Segunda-feira,14
Fortaleza,GRANJA LISBOA,Terça-feira,13
Fortaleza,GRANJA LISBOA,Quarta-feira,9
Fortaleza,GRANJA LISBOA,Sexta-feira,9
Fortaleza,GRANJA PORTUGAL,Domingo,12
Fortaleza,GRANJA PORTUGAL,Sábado,10
Fortaleza,GRANJA PORTUGAL,Sexta-feira,9
Fortaleza,GRANJA PORTUGAL,Terça-feira,8
Fortaleza,GRANJA PORTUGAL,Quinta-feira,7
Fortaleza,GRANJA PORTUGAL,Quarta-feira,5
Fortaleza,GRANJA PORTUGAL,Segunda-feira,5
Fortaleza,GUAJERU,Domingo,6
Fortaleza,GUAJERU,Sábado,5
Fortaleza,GUAJERU,Quinta-feira,2
Fortaleza,GUAJERU,Segunda-feira,2
Fortaleza,GUAJERU,Terça-feira,2
Fortaleza,GUAJERU,Quarta-feira,1
Fortaleza,HENRIQUE JORGE,Domingo,5
Fortaleza,HENRIQUE JORGE,Quinta-feira,5
Fortaleza,HENRIQUE JORGE,Sexta-feira,4
Fortaleza,HENRIQUE JORGE,Quarta-feira,2
Fortaleza,HENRIQUE JORGE,Terça-feira,2
Fortaleza,HENRIQUE JORGE,Sábado,1
Fortaleza,ITAOCA,Quinta-feira,3
Fortaleza,ITAOCA,Terça-feira,2
Fortaleza,ITAOCA,Domingo,1
Fortaleza,ITAOCA,Quarta-feira,1
Fortaleza,ITAOCA,Sexta-feira,1
Fortaleza,ITAPERI,Quarta-feira,3
Fortaleza,ITAPERI,Terça-feira,3
Fortaleza,ITAPERI,Sábado,2
Fortaleza,ITAPERI,Quinta-feira,1
Fortaleza,ITAPERI,Segunda-feira,1
Fortaleza,JACARECANGA,Segunda-feira,7
Fortaleza,JACARECANGA,Sábado,6
Fortaleza,JACARECANGA,Terça-feira,6
Fortaleza,JACARECANGA,Domingo,5
Fortaleza,JACARECANGA,Quarta-feira,2
Fortaleza,JACARECANGA,Quinta-feira,2
Fortaleza,JACARECANGA,Sexta-feira,1
Fortaleza,JANGURUSSU,Terça-feira,28
Fortaleza,JANGURUSSU,Domingo,26
Fortaleza,JANGURUSSU,Quinta-feira,26
Fortaleza,JANGURUSSU,Segunda-feira,22
Fortaleza,JANGURUSSU,Sábado,19
Fortaleza,JANGURUSSU,Quarta-feira,18
Fortaleza,JANGURUSSU,Sexta-feira,17
Fortaleza,JARDIM AMÉRICA,Domingo,3
Fortaleza,JARDIM AMÉRICA,Quinta-feira,2
Fortaleza,JARDIM AMÉRICA,Quarta-feira,1
Fortaleza,JARDIM AMÉRICA,Sábado,1
Fortaleza,JARDIM CEARENSE,Quarta-feira,2
Fortaleza,JARDIM CEARENSE,Sábado,1
Fortaleza,JARDIM DAS OLIVEIRAS,Quarta-feira,13
Fortaleza,JARDIM DAS OLIVEIRAS,Sábado,10
Fortaleza,JARDIM DAS OLIVEIRAS,Sexta-feira,8
Fortaleza,JARDIM DAS OLIVEIRAS,Terça-feira,7
Fortaleza,JARDIM DAS OLIVEIRAS,Domingo,4
Fortaleza,JARDIM DAS OLIVEIRAS,Quinta-feira,4
Fortaleza,JARDIM DAS OLIVEIRAS,Segunda-feira,4
Fortaleza,JARDIM GUANABARA,Terça-feira,4
Fortaleza,JARDIM GUANABARA,Sexta-feira,2
Fortaleza,JARDIM GUANABARA,Domingo,1
Fortaleza,JARDIM GUANABARA,Quarta-feira,1
Fortaleza,JARDIM GUANABARA,Segunda-feira,1
Fortaleza,JARDIM IRACEMA,Sábado,5
Fortaleza,JARDIM IRACEMA,Terça-feira,5
Fortaleza,JARDIM IRACEMA,Quarta-feira,4
Fortaleza,JARDIM IRACEMA,Domingo,2
Fortaleza,JARDIM IRACEMA,Quinta-feira,2
Fortaleza,JARDIM IRACEMA,Segunda-feira,1
Fortaleza,JARDIM IRACEMA,Sexta-feira,1
Fortaleza,JOAQUIM TÁVORA,Quarta-feira,3
Fortaleza,JOAQUIM TÁVORA,Quinta-feira,2
Fortaleza,JOAQUIM TÁVORA,Domingo,1
Fortaleza,JOAQUIM TÁVORA,Segunda-feira,1
Fortaleza,JOAQUIM TÁVORA,Sexta-feira,1
Fortaleza,JOAQUIM TÁVORA,Sábado,1
Fortaleza,JOAQUIM TÁVORA,Terça-feira,1
Fortaleza,JOSÉ BONIFÁCIO,Quarta-feira,3
Fortaleza,JOSÉ BONIFÁCIO,Segunda-feira,3
Fortaleza,JOSÉ BONIFÁCIO,Sábado,2
Fortaleza,JOSÉ BONIFÁCIO,Quinta-feira,1
Fortaleza,JOSÉ BONIFÁCIO,Sexta-feira,1
Fortaleza,JOSÉ BONIFÁCIO,Terça-feira,1
Fortaleza,JOSÉ DE ALENCAR,Domingo,12
Fortaleza,JOSÉ DE ALENCAR,Segunda-feira,6
Fortaleza,JOSÉ DE ALENCAR,Sábado,6
Fortaleza,JOSÉ DE ALENCAR,Sexta-feira,5
Fortaleza,JOSÉ DE ALENCAR,Quarta-feira,3
Fortaleza,JOSÉ DE ALENCAR,Terça-feira,3
Fortaleza,JOSÉ DE ALENCAR,Quinta-feira,2
Fortaleza,JOÃO XXIII,Quarta-feira,2
Fortaleza,JOÃO XXIII,Quinta-feira,2
Fortaleza,JOÃO XXIII,Segunda-feira,2
Fortaleza,JOÃO XXIII,Terça-feira,2
Fortaleza,JOÃO XXIII,Domingo,1
Fortaleza,JOÃO XXIII,Sábado,1
Fortaleza,JÓQUEI CLUBE,Quinta-feira,5
Fortaleza,JÓQUEI CLUBE,Sexta-feira,3
Fortaleza,JÓQUEI CLUBE,Domingo,2
Fortaleza,JÓQUEI CLUBE,Quarta-feira,1
Fortaleza,JÓQUEI CLUBE,Terça-feira,1
Fortaleza,LAGOA REDONDA,Quarta-feira,9
Fortaleza,LAGOA REDONDA,Sábado,9
Fortaleza,LAGOA REDONDA,Quinta-feira,8
Fortaleza,LAGOA REDONDA,Terça-feira,8
Fortaleza,LAGOA REDONDA,Sexta-feira,7
Fortaleza,LAGOA REDONDA,Domingo,6
Fortaleza,LAGOA REDONDA,Segunda-feira,6
Fortaleza,MANOEL SÁTIRO,Domingo,5
Fortaleza,MANOEL SÁTIRO,Quarta-feira,5
Fortaleza,MANOEL SÁTIRO,Sexta-feira,5
Fortaleza,MANOEL SÁTIRO,Segunda-feira,3
Fortaleza,MANOEL SÁTIRO,Sábado,3
Fortaleza,MANOEL SÁTIRO,Quinta-feira,2
Fortaleza,MANUEL DIAS BRANCO,Quinta-feira,3
Fortaleza,MANUEL DIAS BRANCO,Sexta-feira,3
Fortaleza,MANUEL DIAS BRANCO,Quarta-feira,2
Fortaleza,MANUEL DIAS BRANCO,Segunda-feira,2
Fortaleza,MANUEL DIAS BRANCO,Sábado,2
Fortaleza,MANUEL DIAS BRANCO,Domingo,1
Fortaleza,MANUEL DIAS BRANCO,Terça-feira,1
Fortaleza,MARAPONGA,Sexta-feira,4
Fortaleza,MARAPONGA,Sábado,4
Fortaleza,MARAPONGA,Domingo,3
Fortaleza,MARAPONGA,Segunda-feira,3
Fortaleza,MARAPONGA,Quinta-feira,1
Fortaleza,MEIRELES,Domingo,2
Fortaleza,MEIRELES,Sexta-feira,2
Fortaleza,MEIRELES,Quarta-feira,1
Fortaleza,MEIRELES,Segunda-feira,1
Fortaleza,MEIRELES,Sábado,1
Fortaleza,MESSEJANA,Domingo,22
Fortaleza,MESSEJANA,Quarta-feira,19
Fortaleza,MESSEJANA,Quinta-feira,19
Fortaleza,MESSEJANA,Sábado,18
Fortaleza,MESSEJANA,Segunda-feira,12
Fortaleza,MESSEJANA,Sexta-feira,12
Fortaleza,MESSEJANA,Terça-feira,9
Fortaleza,MONDUBIM,Sexta-feira,13
Fortaleza,MONDUBIM,Segunda-feira,12
Fortaleza,MONDUBIM,Terça-feira,12
Fortaleza,MONDUBIM,Domingo,11
Fortaleza,MONDUBIM,Sábado,11
Fortaleza,MONDUBIM,Quarta-feira,9
Fortaleza,MONDUBIM,Quinta-feira,7
Fortaleza,MONTE CASTELO,Sexta-feira,2
Fortaleza,MONTESE,Quinta-feira,4
Fortaleza,MONTESE,Terça-feira,2
Fortaleza,MONTESE,Segunda-feira,1
Fortaleza,MONTESE,Sexta-feira,1
Fortaleza,MONTESE,Sábado,1
Fortaleza,MOURA BRASIL,Domingo,3
Fortaleza,MOURA BRASIL,Quinta-feira,3
Fortaleza,MOURA BRASIL,Segunda-feira,2
Fortaleza,MOURA BRASIL,Sábado,2
Fortaleza,MOURA BRASIL,Quarta-feira,1
Fortaleza,MUCURIPE,Domingo,3
Fortaleza,MUCURIPE,Quinta-feira,1
Fortaleza,MUCURIPE,Segunda-feira,1
Fortaleza,MUCURIPE,Sexta-feira,1
Fortaleza,MUCURIPE,Sábado,1
Fortaleza,NOVO MONDUBIM,Sexta-feira,7
Fortaleza,NOVO MONDUBIM,Domingo,5
Fortaleza,NOVO MONDUBIM,Sábado,4
Fortaleza,NOVO MONDUBIM,Quinta-feira,3
Fortaleza,NOVO MONDUBIM,Segunda-feira,2
Fortaleza,NOVO MONDUBIM,Terça-feira,2
Fortaleza,OLAVO OLIVEIRA,Segunda-feira,4
Fortaleza,OLAVO OLIVEIRA,Quarta-feira,3
Fortaleza,OLAVO OLIVEIRA,Terça-feira,3
Fortaleza,OLAVO OLIVEIRA,Sábado,2
Fortaleza,OLAVO OLIVEIRA,Domingo,1
Fortaleza,OLAVO OLIVEIRA,Sexta-feira,1
Fortaleza,PADRE ANDRADE,Domingo,5
Fortaleza,PADRE ANDRADE,Sexta-feira,4
Fortaleza,PADRE ANDRADE,Sábado,4
Fortaleza,PADRE ANDRADE,Quarta-feira,3
Fortaleza,PADRE ANDRADE,Quinta-feira,3
Fortaleza,PADRE ANDRADE,Terça-feira,3
Fortaleza,PADRE ANDRADE,Segunda-feira,1
Fortaleza,PANAMERICANO,Terça-feira,2
Fortaleza,PANAMERICANO,Quinta-feira,1
Fortaleza,PAPICU,Sábado,8
Fortaleza,PAPICU,Domingo,4
Fortaleza,PAPICU,Quinta-feira,4
Fortaleza,PAPICU,Sexta-feira,4
Fortaleza,PAPICU,Segunda-feira,3
Fortaleza,PAPICU,Terça-feira,3
Fortaleza,PAPICU,Quarta-feira,2
Fortaleza,PARANGABA,Segunda-feira,4
Fortaleza,PARANGABA,Sábado,4
Fortaleza,PARANGABA,Domingo,2
Fortaleza,PARANGABA,Sexta-feira,2
Fortaleza,PARANGABA,Terça-feira,2
Fortaleza,PARANGABA,Quinta-feira,1
Fortaleza,PARQUE ARAXÁ,Sexta-feira,2
Fortaleza,PARQUE DOIS IRMĂOS,Domingo,8
Fortaleza,PARQUE DOIS IRMĂOS,Segunda-feira,8
Fortaleza,PARQUE DOIS IRMĂOS,Quarta-feira,5
Fortaleza,PARQUE DOIS IRMĂOS,Sexta-feira,4
Fortaleza,PARQUE DOIS IRMĂOS,Sábado,3
Fortaleza,PARQUE DOIS IRMĂOS,Terça-feira,3
Fortaleza,PARQUE DOIS IRMĂOS,Quinta-feira,2
Fortaleza,PARQUE IRACEMA,Domingo,4
Fortaleza,PARQUE IRACEMA,Quinta-feira,3
Fortaleza,PARQUE IRACEMA,Sábado,2
Fortaleza,PARQUE IRACEMA,Quarta-feira,1
Fortaleza,PARQUE IRACEMA,Sexta-feira,1
Fortaleza,PARQUE IRACEMA,Terça-feira,1
Fortaleza,PARQUE MANIBURA,Quinta-feira,2
Fortaleza,PARQUE MANIBURA,Sexta-feira,2
Fortaleza,PARQUE MANIBURA,Quarta-feira,1
Fortaleza,PARQUE MANIBURA,Segunda-feira,1
Fortaleza,PARQUE PRESIDENTE VARGAS,Sexta-feira,4
Fortaleza,PARQUE PRESIDENTE VARGAS,Terça-feira,4
Fortaleza,PARQUE PRESIDENTE VARGAS,Quarta-feira,2
Fortaleza,PARQUE PRESIDENTE VARGAS,Domingo,1
Fortaleza,PARQUE PRESIDENTE VARGAS,Quinta-feira,1
Fortaleza,PARQUE SANTA MARIA,Sexta-feira,7
Fortaleza,PARQUE SANTA MARIA,Segunda-feira,5
Fortaleza,PARQUE SANTA MARIA,Quarta-feira,2
Fortaleza,PARQUE SANTA MARIA,Quinta-feira,2
Fortaleza,PARQUE SANTA MARIA,Sábado,2
Fortaleza,PARQUE SANTA MARIA,Domingo,1
Fortaleza,PARQUE SANTA MARIA,Terça-feira,1
Fortaleza,PARQUE SANTA ROSA,Domingo,2
Fortaleza,PARQUE SANTA ROSA,Segunda-feira,2
Fortaleza,PARQUE SANTA ROSA,Terça-feira,2
Fortaleza,PARQUE SANTA ROSA,Quarta-feira,1
Fortaleza,PARQUE SANTA ROSA,Sexta-feira,1
Fortaleza,PARQUE SANTA ROSA,Sábado,1
Fortaleza,PARQUE SĂO JOSÉ,Quinta-feira,8
Fortaleza,PARQUE SĂO JOSÉ,Domingo,6
Fortaleza,PARQUE SĂO JOSÉ,Terça-feira,4
Fortaleza,PARQUE SĂO JOSÉ,Sábado,3
Fortaleza,PARQUE SĂO JOSÉ,Quarta-feira,2
Fortaleza,PARQUE SĂO JOSÉ,Sexta-feira,2
Fortaleza,PARQUELÂNDIA,Domingo,1
Fortaleza,PARQUELÂNDIA,Segunda-feira,1
Fortaleza,PARQUELÂNDIA,Sexta-feira,1
Fortaleza,PARQUELÂNDIA,Sábado,1
Fortaleza,PARREÃO,Sábado,2
Fortaleza,PARREÃO,Quinta-feira,1
Fortaleza,PARREÃO,Sexta-feira,1
Fortaleza,PARREÃO,Terça-feira,1
Fortaleza,PASSARÉ,Quarta-feira,16
Fortaleza,PASSARÉ,Quinta-feira,14
Fortaleza,PASSARÉ,Terça-feira,11
Fortaleza,PASSARÉ,Domingo,9
Fortaleza,PASSARÉ,Segunda-feira,8
Fortaleza,PASSARÉ,Sexta-feira,5
Fortaleza,PASSARÉ,Sábado,2
Fortaleza,PAUPINA,Sexta-feira,11
Fortaleza,PAUPINA,Sábado,7
Fortaleza,PAUPINA,Domingo,5
Fortaleza,PAUPINA,Segunda-feira,5
Fortaleza,PAUPINA,Terça-feira,5
Fortaleza,PAUPINA,Quarta-feira,4
Fortaleza,PAUPINA,Quinta-feira,4
Fortaleza,PEDRAS,Segunda-feira,6
Fortaleza,PEDRAS,Sexta-feira,5
Fortaleza,PEDRAS,Sábado,5
Fortaleza,PEDRAS,Quinta-feira,4
Fortaleza,PEDRAS,Domingo,3
Fortaleza,PEDRAS,Quarta-feira,2
Fortaleza,PEDRAS,Terça-feira,2
Fortaleza,PICI,Segunda-feira,13
Fortaleza,PICI,Sábado,13
Fortaleza,PICI,Quarta-feira,9
Fortaleza,PICI,Quinta-feira,8
Fortaleza,PICI,Sexta-feira,5
Fortaleza,PICI,Terça-feira,5
Fortaleza,PICI,Domingo,3
Fortaleza,PIRAMBU,Sábado,11
Fortaleza,PIRAMBU,Terça-feira,6
Fortaleza,PIRAMBU,Quinta-feira,5
Fortaleza,PIRAMBU,Quarta-feira,4
Fortaleza,PIRAMBU,Sexta-feira,4
Fortaleza,PIRAMBU,Domingo,3
Fortaleza,PIRAMBU,Segunda-feira,2
Fortaleza,PLANALTO AYRTON SENNA,Sexta-feira,20
Fortaleza,PLANALTO AYRTON SENNA,Domingo,18
Fortaleza,PLANALTO AYRTON SENNA,Sábado,13
Fortaleza,PLANALTO AYRTON SENNA,Quinta-feira,11
Fortaleza,PLANALTO AYRTON SENNA,Segunda-feira,11
Fortaleza,PLANALTO AYRTON SENNA,Terça-feira,11
Fortaleza,PLANALTO AYRTON SENNA,Quarta-feira,9
Fortaleza,PRAIA DE IRACEMA,Quarta-feira,3
Fortaleza,PRAIA DE IRACEMA,Domingo,1
Fortaleza,PRAIA DE IRACEMA,Quinta-feira,1
Fortaleza,PRAIA DE IRACEMA,Segunda-feira,1
Fortaleza,PRAIA DE IRACEMA,Terça-feira,1
Fortaleza,PRAIA DO FUTURO I,Domingo,4
Fortaleza,PRAIA DO FUTURO I,Sábado,3
Fortaleza,PRAIA DO FUTURO I,Terça-feira,2
Fortaleza,PRAIA DO FUTURO I,Quarta-feira,1
Fortaleza,PRAIA DO FUTURO I,Segunda-feira,1
Fortaleza,PRAIA DO FUTURO II,Domingo,10
Fortaleza,PRAIA DO FUTURO II,Sexta-feira,10
Fortaleza,PRAIA DO FUTURO II,Sábado,10
Fortaleza,PRAIA DO FUTURO II,Quarta-feira,5
Fortaleza,PRAIA DO FUTURO II,Quinta-feira,4
Fortaleza,PRAIA DO FUTURO II,Segunda-feira,4
Fortaleza,PRAIA DO FUTURO II,Terça-feira,1
Fortaleza,PRECABURA,Domingo,3
Fortaleza,PRECABURA,Quarta-feira,1
Fortaleza,PRECABURA,Quinta-feira,1
Fortaleza,PREFEITO JOSÉ WALTER,Sexta-feira,21
Fortaleza,PREFEITO JOSÉ WALTER,Domingo,17
Fortaleza,PREFEITO JOSÉ WALTER,Segunda-feira,16
Fortaleza,PREFEITO JOSÉ WALTER,Quinta-feira,14
Fortaleza,PREFEITO JOSÉ WALTER,Sábado,13
Fortaleza,PREFEITO JOSÉ WALTER,Quarta-feira,12
Fortaleza,PREFEITO JOSÉ WALTER,Terça-feira,10
Fortaleza,PRESIDENTE KENNEDY,Domingo,5
Fortaleza,PRESIDENTE KENNEDY,Quarta-feira,4
Fortaleza,PRESIDENTE KENNEDY,Sábado,4
Fortaleza,PRESIDENTE KENNEDY,Quinta-feira,3
Fortaleza,PRESIDENTE KENNEDY,Terça-feira,2
Fortaleza,PRESIDENTE KENNEDY,Segunda-feira,1
Fortaleza,PRESIDENTE KENNEDY,Sexta-feira,1
Fortaleza,QUINTINO CUNHA,Sexta-feira,13
Fortaleza,QUINTINO CUNHA,Terça-feira,11
Fortaleza,QUINTINO CUNHA,Domingo,9
Fortaleza,QUINTINO CUNHA,Segunda-feira,9
Fortaleza,QUINTINO CUNHA,Sábado,6
Fortaleza,QUINTINO CUNHA,Quinta-feira,4
Fortaleza,QUINTINO CUNHA,Quarta-feira,3
Fortaleza,RACHEL DE QUEIROZ,Quinta-feira,2
Fortaleza,RACHEL DE QUEIROZ,Domingo,1
Fortaleza,RACHEL DE QUEIROZ,Quarta-feira,1
Fortaleza,RACHEL DE QUEIROZ,Sexta-feira,1
Fortaleza,RACHEL DE QUEIROZ,Sábado,1
Fortaleza,RACHEL DE QUEIROZ,Terça-feira,1
Fortaleza,RODOLFO TEÓFILO,Quarta-feira,2
Fortaleza,RODOLFO TEÓFILO,Sexta-feira,2
Fortaleza,RODOLFO TEÓFILO,Quinta-feira,1
Fortaleza,SABIAGUABA,Quarta-feira,3
Fortaleza,SABIAGUABA,Quinta-feira,2
Fortaleza,SABIAGUABA,Sábado,2
Fortaleza,SABIAGUABA,Domingo,1
Fortaleza,SABIAGUABA,Sexta-feira,1
Fortaleza,SALINAS,Domingo,2
Fortaleza,SALINAS,Sábado,1
Fortaleza,SAPIRANGA / COITÉ,Sábado,8
Fortaleza,SAPIRANGA / COITÉ,Quarta-feira,7
Fortaleza,SAPIRANGA / COITÉ,Terça-feira,7
Fortaleza,SAPIRANGA / COITÉ,Sexta-feira,4
Fortaleza,SAPIRANGA / COITÉ,Quinta-feira,3
Fortaleza,SAPIRANGA / COITÉ,Segunda-feira,3
Fortaleza,SAPIRANGA / COITÉ,Domingo,2
Fortaleza,SERRINHA,Domingo,5
Fortaleza,SERRINHA,Sábado,5
Fortaleza,SERRINHA,Segunda-feira,4
Fortaleza,SERRINHA,Sexta-feira,4
Fortaleza,SERRINHA,Quinta-feira,3
Fortaleza,SERRINHA,Terça-feira,2
Fortaleza,SERRINHA,Quarta-feira,1
Fortaleza,SIQUEIRA,Sexta-feira,16
Fortaleza,SIQUEIRA,Sábado,15
Fortaleza,SIQUEIRA,Domingo,14
Fortaleza,SIQUEIRA,Segunda-feira,10
Fortaleza,SIQUEIRA,Terça-feira,10
Fortaleza,SIQUEIRA,Quarta-feira,9
Fortaleza,SIQUEIRA,Quinta-feira,7
Fortaleza,SÃO BENTO,Sexta-feira,5
Fortaleza,SÃO BENTO,Sábado,5
Fortaleza,SÃO BENTO,Domingo,4
Fortaleza,SÃO BENTO,Quarta-feira,2
Fortaleza,SÃO BENTO,Segunda-feira,2
Fortaleza,SÃO BENTO,Quinta-feira,1
Fortaleza,SÃO GERARDO,Quinta-feira,1
Fortaleza,SÃO GERARDO,Segunda-feira,1
Fortaleza,SÃO GERARDO,Sexta-feira,1
Fortaleza,SÃO JOÃO DO TAUAPE,Segunda-feira,4
Fortaleza,SÃO JOÃO DO TAUAPE,Sábado,4
Fortaleza,SÃO JOÃO DO TAUAPE,Sexta-feira,3
Fortaleza,SÃO JOÃO DO TAUAPE,Terça-feira,2
Fortaleza,SÃO JOÃO DO TAUAPE,Domingo,1
Fortaleza,SÃO JOÃO DO TAUAPE,Quarta-feira,1
Fortaleza,SÃO JOÃO DO TAUAPE,Quinta-feira,1
Fortaleza,VARJOTA,Domingo,2
Fortaleza,VARJOTA,Quinta-feira,1
Fortaleza,VARJOTA,Segunda-feira,1
Fortaleza,VARJOTA,Sexta-feira,1
Fortaleza,VARJOTA,Sábado,1
Fortaleza,VICENTE PINZÓN,Sexta-feira,11
Fortaleza,VICENTE PINZÓN,Quinta-feira,10
Fortaleza,VICENTE PINZÓN,Quarta-feira,9
Fortaleza,VICENTE PINZÓN,Segunda-feira,8
Fortaleza,VICENTE PINZÓN,Sábado,8
Fortaleza,VICENTE PINZÓN,Domingo,7
Fortaleza,VICENTE PINZÓN,Terça-feira,5
Fortaleza,VILA PERI,Quinta-feira,7
Fortaleza,VILA PERI,Sábado,6
Fortaleza,VILA PERI,Segunda-feira,5
Fortaleza,VILA PERI,Quarta-feira,4
Fortaleza,VILA PERI,Terça-feira,4
Fortaleza,VILA PERI,Sexta-feira,3
Fortaleza,VILA PERI,Domingo,1
Fortaleza,VILA UNIĂO,Domingo,2
Fortaleza,VILA UNIĂO,Quinta-feira,2
Fortaleza,VILA UNIĂO,Sexta-feira,2
Fortaleza,VILA UNIĂO,Quarta-feira,1
Fortaleza,VILA UNIĂO,Terça-feira,1
Fortaleza,VILA VELHA,Domingo,8
Fortaleza,VILA VELHA,Quarta-feira,8
Fortaleza,VILA VELHA,Segunda-feira,8
Fortaleza,VILA VELHA,Sábado,8
Fortaleza,VILA VELHA,Sexta-feira,7
Fortaleza,VILA VELHA,Quinta-feira,4
Fortaleza,VILA VELHA,Terça-feira,1
Fortaleza,ÁLVARO WEYNE,Domingo,5
Fortaleza,ÁLVARO WEYNE,Quinta-feira,4
Fortaleza,ÁLVARO WEYNE,Sexta-feira,4
Fortaleza,ÁLVARO WEYNE,Sábado,4
Fortaleza,ÁLVARO WEYNE,Terça-feira,4
Fortaleza,ÁLVARO WEYNE,Segunda-feira,3
Fortaleza,ÁLVARO WEYNE,Quarta-feira,2
Fortim,,Domingo,4
Fortim,,Sábado,3
Fortim,,Quarta-feira,2
Fortim,,Sexta-feira,2
Fortim,,Quinta-feira,1
Fortim,,Terça-feira,1
Frecheirinha,,Domingo,6
Frecheirinha,,Sábado,6
Frecheirinha,,Quarta-feira,5
Frecheirinha,,Sexta-feira,3
Frecheirinha,,Quinta-feira,2
Frecheirinha,,Terça-feira,2
General Sampaio,,Segunda-feira,7
General Sampaio,,Sábado,3
General Sampaio,,Quinta-feira,2
General Sampaio,,Domingo,1
General Sampaio,,Quarta-feira,1
General Sampaio,,Sexta-feira,1
General Sampaio,,Terça-feira,1
Granja,,Domingo,6
Granja,,Quarta-feira,6
Granja,,Sábado,6
Granja,,Segunda-feira,4
Granja,,Sexta-feira,4
Granja,,Terça-feira,3
Granja,,Quinta-feira,1
Graça,,Domingo,7
Graça,,Quarta-feira,5
Graça,,Segunda-feira,4
Graça,,Sexta-feira,3
Graça,,Quinta-feira,2
Graça,,Terça-feira,2
Groaíras,,Quarta-feira,10
Groaíras,,Sábado,9
Groaíras,,Segunda-feira,8
Groaíras,,Sexta-feira,7
Groaíras,,Quinta-feira,5
Groaíras,,Terça-feira,5
Groaíras,,Domingo,4
Guaiúba,,Domingo,13
Guaiúba,,Quarta-feira,13
Guaiúba,,Terça-feira,12
Guaiúba,,Sexta-feira,11
Guaiúba,,Segunda-feira,10
Guaiúba,,Quinta-feira,8
Guaiúba,,Sábado,7
Guaraciaba do Norte,,Domingo,3
Guaraciaba do Norte,,Sábado,3
Guaraciaba do Norte,,Quinta-feira,2
Guaraciaba do Norte,,Quarta-feira,1
Guaraciaba do Norte,,Segunda-feira,1
Guaraciaba do Norte,,Sexta-feira,1
Guaramiranga,,Domingo,1
Guaramiranga,,Sexta-feira,1
Guaramiranga,,Terça-feira,1
Hidrolândia,,Quarta-feira,1
Hidrolândia,,Sexta-feira,1
Horizonte,,Sábado,31
Horizonte,,Terça-feira,24
Horizonte,,Domingo,23
Horizonte,,Quarta-feira,21
Horizonte,,Sexta-feira,19
Horizonte,,Segunda-feira,15
Horizonte,,Quinta-feira,14
Ibaretama,,Domingo,9
Ibaretama,,Segunda-feira,7
Ibaretama,,Sábado,3
Ibaretama,,Terça-feira,3
Ibaretama,,Sexta-feira,2
Ibiapina,,Quinta-feira,4
Ibiapina,,Domingo,3
Ibiapina,,Segunda-feira,3
Ibiapina,,Terça-feira,2
Ibiapina,,Quarta-feira,1
Ibiapina,,Sexta-feira,1
Ibiapina,,Sábado,1
Ibicuitinga,,Terça-feira,9
Ibicuitinga,,Quinta-feira,8
Ibicuitinga,,Sábado,7
Ibicuitinga,,Segunda-feira,6
Ibicuitinga,,Sexta-feira,5
Ibicuitinga,,Domingo,3
Ibicuitinga,,Quarta-feira,2
Icapuí,,Sábado,7
Icapuí,,Domingo,5
Icapuí,,Quinta-feira,5
Icapuí,,Segunda-feira,4
Icapuí,,Terça-feira,4
Icapuí,,Sexta-feira,3
Icapuí,,Quarta-feira,2
Icó,,Terça-feira,11
Icó,,Domingo,5
Icó,,Segunda-feira,5
Icó,,Sábado,5
Icó,,Quarta-feira,4
Icó,,Sexta-feira,4
Icó,,Quinta-feira,3
Iguatu,,Quinta-feira,18
Iguatu,,Domingo,17
Iguatu,,Segunda-feira,17
Iguatu,,Sábado,16
Iguatu,,Quarta-feira,10
Iguatu,,Sexta-feira,10
Iguatu,,Terça-feira,5
Independência,,Domingo,8
Independência,,Quinta-feira,6
Independência,,Sábado,6
Independência,,Segunda-feira,5
Independência,,Sexta-feira,5
Independência,,Terça-feira,2
Ipaporanga,,Domingo,3
Ipaporanga,,Quarta-feira,3
Ipaporanga,,Segunda-feira,1
Ipaporanga,,Sexta-feira,1
Ipaporanga,,Sábado,1
Ipaumirim,,Quarta-feira,1
Ipaumirim,,Sábado,1
Ipu,,Domingo,3
Ipu,,Quarta-feira,2
Ipu,,Sábado,2
Ipu,,Terça-feira,2
Ipu,,Quinta-feira,1
Ipueiras,,Sábado,3
Ipueiras,,Domingo,1
Ipueiras,,Quarta-feira,1
Ipueiras,,Quinta-feira,1
Iracema,,Domingo,7
Iracema,,Sábado,4
Iracema,,Sexta-feira,3
Iracema,,Segunda-feira,2
Iracema,,Terça-feira,2
Iracema,,Quarta-feira,1
Irauçuba,,Quinta-feira,7
Irauçuba,,Segunda-feira,5
Irauçuba,,Sábado,5
Irauçuba,,Domingo,4
Irauçuba,,Sexta-feira,4
Irauçuba,,Quarta-feira,3
Irauçuba,,Terça-feira,2
Itaitinga,,Domingo,19
Itaitinga,,Sexta-feira,13
Itaitinga,,Sábado,12
Itaitinga,,Quarta-feira,11
Itaitinga,,Quinta-feira,10
Itaitinga,,Terça-feira,8
Itaitinga,,Segunda-feira,7
Itaiçaba,,Sábado,6
Itaiçaba,,Domingo,2
Itaiçaba,,Quinta-feira,2
Itaiçaba,,Quarta-feira,1
Itaiçaba,,Segunda-feira,1
Itaiçaba,,Sexta-feira,1
Itaiçaba,,Terça-feira,1
Itapajé,,Domingo,21
Itapajé,,Terça-feira,20
Itapajé,,Sábado,16
Itapajé,,Quarta-feira,11
Itapajé,,Quinta-feira,9
Itapajé,,Segunda-feira,9
Itapajé,,Sexta-feira,8
Itapipoca,,Domingo,36
Itapipoca,,Quarta-feira,31
Itapipoca,,Quinta-feira,27
Itapipoca,,Sábado,25
Itapipoca,,Terça-feira,25
Itapipoca,,Sexta-feira,24
Itapipoca,,Segunda-feira,19
Itapiúna,,Domingo,8
Itapiúna,,Sábado,7
Itapiúna,,Sexta-feira,6
Itapiúna,,Quinta-feira,5
Itapiúna,,Terça-feira,5
Itapiúna,,Quarta-feira,4
Itapiúna,,Segunda-feira,4
Itarema,,Sábado,23
Itarema,,Quinta-feira,21
Itarema,,Domingo,20
Itarema,,Segunda-feira,19
Itarema,,Quarta-feira,18
Itarema,,Sexta-feira,17
Itarema,,Terça-feira,16
Itatira,,Domingo,10
Itatira,,Segunda-feira,5
Itatira,,Quarta-feira,4
Itatira,,Sexta-feira,4
Itatira,,Sábado,3
Itatira,,Terça-feira,3
Itatira,,Quinta-feira,1
Jaguaretama,,Sábado,9
Jaguaretama,,Quinta-feira,7
Jaguaretama,,Segunda-feira,6
Jaguaretama,,Quarta-feira,5
Jaguaretama,,Domingo,4
Jaguaretama,,Sexta-feira,4
Jaguaretama,,Terça-feira,3
Jaguaribara,,Domingo,8
Jaguaribara,,Sexta-feira,5
Jaguaribara,,Segunda-feira,4
Jaguaribara,,Quarta-feira,3
Jaguaribara,,Terça-feira,3
Jaguaribara,,Sábado,2
Jaguaribara,,Quinta-feira,1
Jaguaribe,,Sábado,10
Jaguaribe,,Domingo,7
Jaguaribe,,Sexta-feira,6
Jaguaribe,,Quinta-feira,4
Jaguaribe,,Segunda-feira,4
Jaguaribe,,Quarta-feira,2
Jaguaribe,,Terça-feira,1
Jaguaruana,,Domingo,7
Jaguaruana,,Quarta-feira,2
Jaguaruana,,Quinta-feira,2
Jaguaruana,,Segunda-feira,2
Jaguaruana,,Sexta-feira,2
Jaguaruana,,Sábado,1
Jaguaruana,,Terça-feira,1
Jardim,,Quinta-feira,2
Jardim,,Sexta-feira,2
Jardim,,Sábado,2
Jardim,,Domingo,1
Jati,,Terça-feira,2
Jati,,Segunda-feira,1
Jati,,Sexta-feira,1
Jijoca de Jericoacoara,,Sexta-feira,8
Jijoca de Jericoacoara,,Domingo,7
Jijoca de Jericoacoara,,Sábado,7
Jijoca de Jericoacoara,,Quarta-feira,6
Jijoca de Jericoacoara,,Segunda-feira,6
Jijoca de Jericoacoara,,Quinta-feira,5
Jijoca de Jericoacoara,,Terça-feira,2
Juazeiro do Norte,,Sábado,71
Juazeiro do Norte,,Domingo,54
Juazeiro do Norte,,Sexta-feira,46
Juazeiro do Norte,,Terça-feira,39
Juazeiro do Norte,,Quinta-feira,37
Juazeiro do Norte,,Segunda-feira,28
Juazeiro do Norte,,Quarta-feira,21
Jucás,,Sexta-feira,5
Jucás,,Sábado,5
Jucás,,Segunda-feira,4
Jucás,,Quinta-feira,3
Jucás,,Domingo,1
Jucás,,Terça-feira,1
Lavras da Mangabeira,,Quinta-feira,3
Lavras da Mangabeira,,Domingo,1
Lavras da Mangabeira,,Quarta-feira,1
Lavras da Mangabeira,,Sábado,1
Lavras da Mangabeira,,Terça-feira,1
Limoeiro do Norte,,Domingo,23
Limoeiro do Norte,,Sábado,18
Limoeiro do Norte,,Sexta-feira,16
Limoeiro do Norte,,Quarta-feira,15
Limoeiro do Norte,,Quinta-feira,11
Limoeiro do Norte,,Terça-feira,10
Limoeiro do Norte,,Segunda-feira,9
Madalena,,Terça-feira,7
Madalena,,Sábado,6
Madalena,,Sexta-feira,5
Madalena,,Quarta-feira,4
Madalena,,Quinta-feira,4
Madalena,,Domingo,2
Madalena,,Segunda-feira,1
Maracanaú,,Sábado,123
Maracanaú,,Domingo,108
Maracanaú,,Terça-feira,93
Maracanaú,,Quinta-feira,92
Maracanaú,,Quarta-feira,89
Maracanaú,,Segunda-feira,80
Maracanaú,,Sexta-feira,78
Maranguape,,Sexta-feira,55
Maranguape,,Terça-feira,48
Maranguape,,Quinta-feira,46
Maranguape,,Sábado,46
Maranguape,,Domingo,44
Maranguape,,Segunda-feira,38
Maranguape,,Quarta-feira,34
Marco,,Segunda-feira,4
Marco,,Sábado,4
Marco,,Terça-feira,4
Marco,,Quarta-feira,3
Marco,,Sexta-feira,2
Marco,,Domingo,1
Marco,,Quinta-feira,1
Martinópole,,Quinta-feira,2
Martinópole,,Quarta-feira,1
Martinópole,,Segunda-feira,1
Martinópole,,Sexta-feira,1
Martinópole,,Sábado,1
Massapê,,Quarta-feira,7
Massapê,,Domingo,5
Massapê,,Terça-feira,4
Massapê,,Segunda-feira,3
Massapê,,Sexta-feira,2
Massapê,,Quinta-feira,1
Massapê,,Sábado,1
Mauriti,,Quinta-feira,7
Mauriti,,Domingo,5
Mauriti,,Quarta-feira,5
Mauriti,,Segunda-feira,4
Mauriti,,Sábado,3
Mauriti,,Sexta-feira,2
Mauriti,,Terça-feira,2
Meruoca,,Sábado,2
Meruoca,,Terça-feira,2
Meruoca,,Segunda-feira,1
Milagres,,Quarta-feira,5
Milagres,,Terça-feira,4
Milagres,,Domingo,2
Milagres,,Segunda-feira,1
Milagres,,Sábado,1
Milhã,,Domingo,3
Milhã,,Quarta-feira,2
Milhã,,Segunda-feira,2
Milhã,,Sábado,2
Milhã,,Terça-feira,1
Miraíma,,Domingo,8
Miraíma,,Terça-feira,8
Miraíma,,Quarta-feira,7
Miraíma,,Segunda-feira,5
Miraíma,,Sexta-feira,5
Miraíma,,Quinta-feira,1
Missão Velha,,Sexta-feira,7
Missão Velha,,Segunda-feira,5
Missão Velha,,Sábado,5
Missão Velha,,Terça-feira,5
Missão Velha,,Domingo,2
Missão Velha,,Quarta-feira,2
Missão Velha,,Quinta-feira,2
Mombaça,,Domingo,5
Mombaça,,Quarta-feira,4
Mombaça,,Sábado,4
Mombaça,,Quinta-feira,2
Mombaça,,Segunda-feira,2
Mombaça,,Terça-feira,2
Mombaça,,Sexta-feira,1
Monsenhor Tabosa,,Domingo,5
Monsenhor Tabosa,,Terça-feira,5
Monsenhor Tabosa,,Sábado,4
Monsenhor Tabosa,,Quarta-feira,2
Monsenhor Tabosa,,Quinta-feira,2
Monsenhor Tabosa,,Segunda-feira,2
Monsenhor Tabosa,,Sexta-feira,2
Morada Nova,,Domingo,30
Morada Nova,,Sábado,27
Morada Nova,,Sexta-feira,22
Morada Nova,,Quinta-feira,17
Morada Nova,,Segunda-feira,17
Morada Nova,,Quarta-feira,16
Morada Nova,,Terça-feira,15
Moraújo,,Domingo,1
Moraújo,,Sexta-feira,1
Morrinhos,,Sábado,4
Morrinhos,,Domingo,3
Morrinhos,,Sexta-feira,2
Morrinhos,,Terça-feira,2
Morrinhos,,Quinta-feira,1
Morrinhos,,Segunda-feira,1
Mucambo,,Domingo,5
Mucambo,,Quinta-feira,3
Mucambo,,Segunda-feira,3
Mucambo,,Sexta-feira,2
Mucambo,,Sábado,1
Mulungu,,Sexta-feira,6
Mulungu,,Quarta-feira,4
Mulungu,,Sábado,4
Mulungu,,Domingo,3
Mulungu,,Quinta-feira,3
Mulungu,,Segunda-feira,1
Mulungu,,Terça-feira,1
Nova Olinda,,Domingo,7
Nova Olinda,,Sábado,7
Nova Olinda,,Segunda-feira,4
Nova Olinda,,Quarta-feira,3
Nova Olinda,,Quinta-feira,2
Nova Olinda,,Sexta-feira,2
Nova Russas,,Domingo,4
Nova Russas,,Segunda-feira,3
Nova Russas,,Sexta-feira,3
Nova Russas,,Quarta-feira,2
Nova Russas,,Sábado,2
Novo Oriente,,Quinta-feira,7
Novo Oriente,,Segunda-feira,4
Novo Oriente,,Sexta-feira,4
Novo Oriente,,Sábado,4
Novo Oriente,,Terça-feira,4
Novo Oriente,,Domingo,3
Novo Oriente,,Quarta-feira,1
Ocara,,Domingo,4
Ocara,,Sábado,3
Ocara,,Segunda-feira,2
Ocara,,Sexta-feira,2
Ocara,,Quarta-feira,1
Ocara,,Quinta-feira,1
Ocara,,Terça-feira,1
Orós,,Domingo,3
Orós,,Segunda-feira,3
Orós,,Sexta-feira,3
Orós,,Sábado,3
Orós,,Quarta-feira,2
Orós,,Quinta-feira,2
Orós,,Terça-feira,2
Pacajus,,Domingo,30
Pacajus,,Segunda-feira,25
Pacajus,,Sábado,22
Pacajus,,Quinta-feira,20
Pacajus,,Terça-feira,19
Pacajus,,Quarta-feira,14
Pacajus,,Sexta-feira,9
Pacatuba,,Domingo,36
Pacatuba,,Sexta-feira,32
Pacatuba,,Quarta-feira,31
Pacatuba,,Terça-feira,30
Pacatuba,,Sábado,29
Pacatuba,,Segunda-feira,24
Pacatuba,,Quinta-feira,21
Pacoti,,Sexta-feira,3
Pacoti,,Segunda-feira,2
Pacoti,,Terça-feira,2
Pacoti,,Quarta-feira,1
Pacoti,,Quinta-feira,1
Pacujá,,Domingo,2
Palhano,,Sábado,3
Palhano,,Domingo,1
Palhano,,Quarta-feira,1
Palmácia,,Quarta-feira,3
Palmácia,,Quinta-feira,3
Palmácia,,Domingo,2
Palmácia,,Sábado,2
Palmácia,,Segunda-feira,1
Paracuru,,Domingo,20
Paracuru,,Terça-feira,12
Paracuru,,Quinta-feira,10
Paracuru,,Segunda-feira,10
Paracuru,,Sexta-feira,10
Paracuru,,Sábado,8
Paracuru,,Quarta-feira,7
Paraipaba,,Domingo,16
Paraipaba,,Sexta-feira,9
Paraipaba,,Segunda-feira,6
Paraipaba,,Quarta-feira,5
Paraipaba,,Quinta-feira,5
Paraipaba,,Sábado,5
Parambu,,Quarta-feira,3
Parambu,,Sábado,3
Parambu,,Segunda-feira,2
Parambu,,Sexta-feira,2
Parambu,,Terça-feira,2
Parambu,,Domingo,1
Parambu,,Quinta-feira,1
Paramoti,,Sexta-feira,7
Paramoti,,Quarta-feira,5
Paramoti,,Quinta-feira,3
Paramoti,,Domingo,2
Paramoti,,Sábado,2
Paramoti,,Terça-feira,1
Pedra Branca,,Domingo,20
Pedra Branca,,Sexta-feira,9
Pedra Branca,,Terça-feira,7
Pedra Branca,,Quinta-feira,6
Pedra Branca,,Quarta-feira,5
Pedra Branca,,Sábado,3
Pedra Branca,,Segunda-feira,2
Penaforte,,Sábado,3
Penaforte,,Quinta-feira,2
Penaforte,,Terça-feira,1
Pentecoste,,Domingo,15
Pentecoste,,Sexta-feira,15
Pentecoste,,Sábado,12
Pentecoste,,Terça-feira,11
Pentecoste,,Quarta-feira,10
Pentecoste,,Segunda-feira,8
Pentecoste,,Quinta-feira,7
Pereiro,,Quarta-feira,4
Pereiro,,Domingo,2
Pereiro,,Quinta-feira,2
Pereiro,,Sexta-feira,2
Pereiro,,Segunda-feira,1
Pereiro,,Sábado,1
Pindoretama,,Quinta-feira,11
Pindoretama,,Sábado,10
Pindoretama,,Domingo,5
Pindoretama,,Quarta-feira,4
Pindoretama,,Terça-feira,4
Pindoretama,,Segunda-feira,3
Pindoretama,,Sexta-feira,2
Piquet Carneiro,,Sábado,5
Piquet Carneiro,,Quinta-feira,2
Piquet Carneiro,,Segunda-feira,2
Piquet Carneiro,,Domingo,1
Piquet Carneiro,,Sexta-feira,1
Pires Ferreira,,Domingo,1
Pires Ferreira,,Segunda-feira,1
Pires Ferreira,,Terça-feira,1
Poranga,,Sexta-feira,4
Poranga,,Domingo,3
Poranga,,Quinta-feira,3
Poranga,,Segunda-feira,2
Poranga,,Terça-feira,2
Poranga,,Quarta-feira,1
Porteiras,,Sábado,3
Porteiras,,Domingo,2
Porteiras,,Segunda-feira,1
Potengi,,Quinta-feira,2
Potengi,,Sexta-feira,1
Potengi,,Sábado,1
Potengi,,Terça-feira,1
Potiretama,,Segunda-feira,3
Potiretama,,Terça-feira,2
Potiretama,,Domingo,1
Potiretama,,Quinta-feira,1
Quiterianópolis,,Quinta-feira,3
Quiterianópolis,,Domingo,2
Quiterianópolis,,Segunda-feira,2
Quiterianópolis,,Sexta-feira,2
Quixadá,,Domingo,29
Quixadá,,Sábado,25
Quixadá,,Quinta-feira,24
Quixadá,,Segunda-feira,20
Quixadá,,Sexta-feira,18
Quixadá,,Quarta-feira,16
Quixadá,,Terça-feira,14
Quixelô,,Sábado,4
Quixelô,,Terça-feira,2
Quixelô,,Quarta-feira,1
Quixelô,,Segunda-feira,1
Quixeramobim,,Sábado,7
Quixeramobim,,Segunda-feira,5
Quixeramobim,,Domingo,3
Quixeramobim,,Quarta-feira,3
Quixeramobim,,Sexta-feira,3
Quixeramobim,,Terça-feira,3
Quixeramobim,,Quinta-feira,2
Quixeré,,Domingo,9
Quixeré,,Terça-feira,7
Quixeré,,Quarta-feira,6
Quixeré,,Quinta-feira,5
Quixeré,,Sábado,5
Quixeré,,Sexta-feira,4
Quixeré,,Segunda-feira,2
Redenção,,Domingo,4
Redenção,,Quarta-feira,4
Redenção,,Sábado,3
Redenção,,Terça-feira,2
Redenção,,Quinta-feira,1
Redenção,,Segunda-feira,1
Redenção,,Sexta-feira,1
Reriutaba,,Sexta-feira,5
Reriutaba,,Sábado,4
Reriutaba,,Domingo,1
Reriutaba,,Quinta-feira,1
Reriutaba,,Segunda-feira,1
Reriutaba,,Terça-feira,1
Russas,,Quarta-feira,21
Russas,,Segunda-feira,16
Russas,,Sexta-feira,16
Russas,,Domingo,15
Russas,,Terça-feira,14
Russas,,Sábado,13
Russas,,Quinta-feira,12
Saboeiro,,Domingo,3
Saboeiro,,Quarta-feira,3
Saboeiro,,Sexta-feira,3
Saboeiro,,Sábado,3
Saboeiro,,Quinta-feira,1
Saboeiro,,Segunda-feira,1
Saboeiro,,Terça-feira,1
Salitre,,Domingo,5
Salitre,,Quarta-feira,5
Salitre,,Terça-feira,4
Salitre,,Sábado,2
Salitre,,Quinta-feira,1
Salitre,,Sexta-feira,1
Santa Quitéria,,Sexta-feira,8
Santa Quitéria,,Terça-feira,7
Santa Quitéria,,Quarta-feira,6
Santa Quitéria,,Segunda-feira,2
Santa Quitéria,,Sábado,2
Santa Quitéria,,Domingo,1
Santa Quitéria,,Quinta-feira,1
Santana do Acaraú,,Sábado,4
Santana do Acaraú,,Domingo,3
Santana do Acaraú,,Segunda-feira,3
Santana do Acaraú,,Sexta-feira,3
Santana do Acaraú,,Quarta-feira,1
Santana do Acaraú,,Quinta-feira,1
Santana do Acaraú,,Terça-feira,1
Santana do Cariri,,Quarta-feira,1
Santana do Cariri,,Sexta-feira,1
Senador Pompeu,,Domingo,13
Senador Pompeu,,Sábado,11
Senador Pompeu,,Quarta-feira,4
Senador Pompeu,,Segunda-feira,4
Senador Pompeu,,Quinta-feira,2
Senador Pompeu,,Sexta-feira,2
Senador Sá,,Domingo,2
Senador Sá,,Segunda-feira,2
Senador Sá,,Quinta-feira,1
Sobral,,Domingo,69
Sobral,,Quinta-feira,61
Sobral,,Sábado,58
Sobral,,Segunda-feira,57
Sobral,,Quarta-feira,46
Sobral,,Sexta-feira,46
Sobral,,Terça-feira,33
Solonópole,,Sábado,10
Solonópole,,Domingo,5
Solonópole,,Sexta-feira,4
Solonópole,,Segunda-feira,3
Solonópole,,Quarta-feira,2
Solonópole,,Quinta-feira,2
Solonópole,,Terça-feira,2
São Benedito,,Quinta-feira,18
São Benedito,,Domingo,14
São Benedito,,Segunda-feira,13
São Benedito,,Quarta-feira,12
São Benedito,,Sábado,12
São Benedito,,Terça-feira,12
São Benedito,,Sexta-feira,6
São Gonçalo do Amarante,,Domingo,25
São Gonçalo do Amarante,,Segunda-feira,22
São Gonçalo do Amarante,,Quarta-feira,20
São Gonçalo do Amarante,,Quinta-feira,19
São Gonçalo do Amarante,,Sábado,18
São Gonçalo do Amarante,,Sexta-feira,15
São Gonçalo do Amarante,,Terça-feira,7
São João do Jaguaribe,,Quarta-feira,7
São João do Jaguaribe,,Segunda-feira,6
São João do Jaguaribe,,Terça-feira,5
São João do Jaguaribe,,Domingo,3
São João do Jaguaribe,,Sexta-feira,3
São João do Jaguaribe,,Sábado,2
São Luís do Curu,,Domingo,8
São Luís do Curu,,Sábado,5
São Luís do Curu,,Terça-feira,5
São Luís do Curu,,Segunda-feira,4
São Luís do Curu,,Quinta-feira,3
São Luís do Curu,,Sexta-feira,2
Tabuleiro do Norte,,Sábado,11
Tabuleiro do Norte,,Terça-feira,10
Tabuleiro do Norte,,Quinta-feira,8
Tabuleiro do Norte,,Domingo,7
Tabuleiro do Norte,,Sexta-feira,5
Tabuleiro do Norte,,Quarta-feira,4
Tabuleiro do Norte,,Segunda-feira,2
Tamboril,,Sexta-feira,7
Tamboril,,Domingo,6
Tamboril,,Sábado,5
Tamboril,,Segunda-feira,4
Tamboril,,Quarta-feira,2
Tamboril,,Terça-feira,2
Tamboril,,Quinta-feira,1
Tarrafas,,Quarta-feira,2
Tarrafas,,Domingo,1
Tarrafas,,Sexta-feira,1
Tarrafas,,Sábado,1
Tauá,,Sábado,11
Tauá,,Domingo,8
Tauá,,Sexta-feira,7
Tauá,,Segunda-feira,6
Tauá,,Terça-feira,6
Tauá,,Quinta-feira,5
Tauá,,Quarta-feira,4
Tejuçuoca,,Domingo,9
Tejuçuoca,,Sábado,8
Tejuçuoca,,Terça-feira,7
Tejuçuoca,,Quinta-feira,6
Tejuçuoca,,Sexta-feira,4
Tejuçuoca,,Quarta-feira,3
Tejuçuoca,,Segunda-feira,2
Tianguá,,Sexta-feira,24
Tianguá,,Quarta-feira,21
Tianguá,,Sábado,19
Tianguá,,Domingo,18
Tianguá,,Segunda-feira,18
Tianguá,,Terça-feira,16
Tianguá,,Quinta-feira,14
Trairi,,Sábado,29
Trairi,,Terça-feira,25
Trairi,,Sexta-feira,23
Trairi,,Domingo,22
Trairi,,Quinta-feira,18
Trairi,,Quarta-feira,12
Trairi,,Segunda-feira,11
Tururu,,Domingo,7
Tururu,,Quinta-feira,6
Tururu,,Quarta-feira,3
Tururu,,Sábado,3
Tururu,,Segunda-feira,2
Tururu,,Terça-feira,2
Tururu,,Sexta-feira,1
Ubajara,,Sábado,13
Ubajara,,Domingo,11
Ubajara,,Quarta-feira,5
Ubajara,,Segunda-feira,5
Ubajara,,Sexta-feira,5
Ubajara,,Quinta-feira,4
Ubajara,,Terça-feira,2
Umari,,Domingo,1
Umari,,Sexta-feira,1
Umirim,,Sábado,5
Umirim,,Segunda-feira,4
Umirim,,Terça-feira,4
Umirim,,Domingo,3
Umirim,,Quinta-feira,3
Umirim,,Sexta-feira,2
Umirim,,Quarta-feira,1
Uruburetama,,Sábado,9
Uruburetama,,Segunda-feira,6
Uruburetama,,Domingo,4
Uruburetama,,Quarta-feira,2
Uruburetama,,Quinta-feira,2
Uruburetama,,Terça-feira,2
Uruburetama,,Sexta-feira,1
Uruoca,,Segunda-feira,3
Uruoca,,Sábado,2
Uruoca,,Domingo,1
Uruoca,,Quarta-feira,1
Uruoca,,Quinta-feira,1
Uruoca,,Sexta-feira,1
Varjota,,Terça-feira,12
Varjota,,Quarta-feira,11
Varjota,,Quinta-feira,10
Varjota,,Domingo,9
Varjota,,Sábado,8
Varjota,,Segunda-feira,6
Varjota,,Sexta-feira,1
Viçosa do Ceará,,Quinta-feira,15
Viçosa do Ceará,,Domingo,9
Viçosa do Ceará,,Quarta-feira,7
Viçosa do Ceará,,Sexta-feira,7
Viçosa do Ceará,,Sábado,7
Viçosa do Ceará,,Terça-feira,5
Viçosa do Ceará,,Segunda-feira,4
Várzea Alegre,,Sábado,7
Várzea Alegre,,Domingo,3
Várzea Alegre,,Quarta-feira,3
Várzea Alegre,,Segunda-feira,1
Várzea Alegre,,Terça-feira,1
